{
  "Alien": {
    "Basic DQN": {
      "rewards": [
        80.0,
        200.0,
        250.0,
        140.0,
        90.0
      ],
      "losses": [
        0.0018199670206134517,
        2.061466659634159,
        2.4426543600903137,
        2.75603594703695,
        2.932215390454496
      ],
      "elapsed": 78.86954140663147
    },
    "DQN + Dueling": {
      "rewards": [
        130.0,
        190.0,
        210.0,
        190.0,
        170.0
      ],
      "losses": [
        2.4409453343773166,
        2.5766778224419187,
        3.4420265948491884,
        2.883969237729907,
        2.7687972896250983
      ],
      "elapsed": 80.88294219970703
    },
    "DQN + Priority": {
      "rewards": [
        180.0,
        160.0,
        230.0,
        130.0,
        180.0
      ],
      "losses": [
        3.939527967218625,
        3.5297721458897406,
        2.930450839386589,
        1.9698020586480645,
        1.4684069955430064
      ],
      "elapsed": 87.00552749633789
    }
  },
  "IceHockey": {
    "Basic DQN": {
      "rewards": [
        -4.0,
        -5.0,
        -4.0,
        -6.0,
        -4.0
      ],
      "losses": [
        0.0058039642825647155,
        0.004593081534643715,
        0.004216385199409463,
        0.0032804997420147024,
        0.004269469842326847
      ],
      "elapsed": 201.45117163658142
    },
    "DQN + Dueling": {
      "rewards": [
        -4.0,
        -6.0,
        -7.0,
        -2.0,
        -3.0
      ],
      "losses": [
        0.006206747739364423,
        0.004157188647380584,
        0.004625401050378665,
        0.004532524220034247,
        0.004357080662448425
      ],
      "elapsed": 202.54361581802368
    },
    "DQN + Priority": {
      "rewards": [
        -4.0,
        -4.0,
        -3.0,
        -4.0,
        -3.0
      ],
      "losses": [
        0.006242682248670738,
        0.0030743440435035156,
        0.002328079446257713,
        0.002122819294066479,
        0.001966543183157531
      ],
      "elapsed": 203.29428601264954
    }
  }
}