{
  "Alien": {
    "Basic DQN": {
      "rewards": [
        180.0,
        180.0,
        170.0
      ],
      "losses": [
        3.116124318785627,
        2.8550782370023757,
        2.777391000622429
      ],
      "elapsed": 47.10675811767578,
      "episode_count": 3
    },
    "DQN + Dueling": {
      "rewards": [
        130.0,
        220.0,
        120.0
      ],
      "losses": [
        2.864512960340209,
        2.3934144170954825
      ],
      "elapsed": 45.002259254455566,
      "episode_count": 3
    },
    "DQN + Priority": {
      "rewards": [
        220.0,
        210.0,
        180.0
      ],
      "losses": [
        3.3218324585329917,
        4.485184210695718,
        3.030219220224468
      ],
      "elapsed": 38.0189528465271,
      "episode_count": 3
    },
    "Distributed + Priority (50ep)": {
      "rewards": [
        330.0,
        200.0,
        150.0
      ],
      "losses": [
        1.5911802053451538,
        1.5546168088912964,
        0.0037860164884477854,
        1.5441588163375854,
        0.0014589736238121986,
        6.241628646850586,
        4.630709171295166,
        4.6243791580200195
      ],
      "elapsed": 14.244502067565918,
      "episode_count": 3
    }
  },
  "IceHockey": {}
}