{
  "Alien": {
    "Basic DQN": {
      "rewards": [
        90.0,
        190.0,
        210.0,
        210.0,
        190.0,
        260.0,
        260.0,
        160.0,
        210.0,
        120.0,
        200.0,
        180.0,
        300.0,
        280.0,
        230.0,
        180.0,
        220.0,
        260.0,
        160.0,
        270.0
      ],
      "losses": [
        1.0671087174365919,
        2.281078439181695,
        2.542185892344223,
        3.0352623894120034,
        2.7808793129801166,
        3.5416304680415327,
        3.7528406970833985,
        3.2194990849597973,
        3.1950233639047965,
        3.5333079683719673,
        3.4863102631354184,
        3.4645503378712412,
        3.1596060412794507,
        3.069699365358699,
        3.6601259505295736,
        3.5313595996907092,
        3.4891564930323513,
        3.279252098242735,
        3.2770152861525963,
        3.4994236938512095
      ],
      "elapsed": 285.6913239955902
    },
    "DQN + Dueling": {
      "rewards": [
        130.0,
        160.0,
        200.0,
        150.0,
        170.0,
        230.0,
        160.0,
        170.0,
        250.0,
        180.0,
        220.0,
        150.0,
        210.0,
        190.0,
        140.0,
        120.0,
        170.0,
        170.0,
        120.0,
        160.0
      ],
      "losses": [
        3.17089622106516,
        3.054271307672773,
        2.333001072656501,
        2.790986092874537,
        3.1245664092936907,
        2.805144866078328,
        2.994198647662274,
        2.838207377229006,
        3.1958146675225394,
        3.2428568736524195,
        2.9259662807377333,
        3.0071149420488132,
        2.9617597639386415,
        3.011029021400544,
        3.284069495332753,
        3.656794498615627,
        3.4576873101452565,
        3.6427242888821114,
        4.049879666682212,
        4.329801536202431
      ],
      "elapsed": 271.9902677536011
    },
    "DQN + Priority": {
      "rewards": [
        140.0,
        230.0,
        320.0,
        180.0,
        130.0,
        380.0,
        190.0,
        310.0,
        160.0,
        190.0,
        260.0,
        140.0,
        210.0,
        210.0,
        120.0,
        180.0,
        150.0,
        160.0,
        220.0,
        160.0
      ],
      "losses": [
        3.266240533027384,
        3.855349940402167,
        3.9169792802752674,
        4.1429657060027925,
        3.683449960319248,
        3.2168170693152733,
        3.002720009744837,
        2.8295203210519895,
        2.4662810388240923,
        2.465575463583936,
        2.276520245572896,
        1.899271738255161,
        1.9047989349498926,
        1.7429704576926797,
        1.6201139090605725,
        1.3738883067989907,
        1.3156551436583201,
        1.2928588191080375,
        1.1595445400284183,
        1.2687357506931645
      ],
      "elapsed": 251.7235598564148
    },
    "Distributed + Priority": {
      "rewards": [
        254.0,
        254.0,
        254.0,
        254.0,
        254.0,
        186.66666666666666,
        186.66666666666666,
        186.66666666666666,
        186.66666666666666,
        186.66666666666666,
        186.66666666666666,
        251.66666666666666,
        251.66666666666666,
        251.66666666666666,
        251.66666666666666,
        251.66666666666666,
        251.66666666666666,
        200.0,
        200.0,
        200.0,
        200.0,
        200.0
      ],
      "losses": [
        0.0025580867659300566,
        0.002441646996885538,
        0.0016959736822173,
        0.00021902957814745605,
        1.5634477138519287,
        0.0002684455248527229,
        0.0003738607629202306,
        0.0008514913497492671,
        3.10806941986084,
        1.5664163827896118,
        1.5466252565383911,
        1.5387831926345825,
        1.573556661605835,
        0.006046419031918049,
        1.559259295463562,
        1.5150693655014038,
        3.1143600940704346,
        1.5811669826507568,
        1.5333131551742554,
        0.01346748135983944,
        0.012381933629512787,
        0.015079992823302746,
        0.011510122567415237,
        0.011945189908146858,
        0.01129455491900444,
        1.5739336013793945,
        3.115948438644409,
        0.005612281151115894,
        0.00815124437212944,
        0.004008894320577383,
        0.003207237459719181,
        1.5601491928100586,
        0.0029577966779470444,
        4.686235427856445,
        6.239525318145752,
        6.238728046417236,
        4.663135528564453,
        3.0974907875061035,
        1.5445094108581543,
        3.0744681358337402,
        0.006333226803690195,
        3.095224142074585,
        1.5653687715530396,
        4.636631488800049,
        1.5707064867019653,
        0.024078652262687683,
        0.029329106211662292,
        0.0261919554322958,
        0.03223881497979164,
        0.026562241837382317,
        1.5268213748931885,
        1.5087045431137085,
        3.0874016284942627,
        0.018283169716596603,
        1.5226927995681763,
        4.603803634643555
      ],
      "elapsed": 26.069058179855347
    }
  },
  "IceHockey": {
    "Basic DQN": {
      "rewards": [
        -10.0,
        -8.0,
        -9.0,
        -11.0,
        -9.0,
        -8.0,
        -10.0,
        -10.0,
        -8.0,
        -13.0,
        -11.0,
        -10.0,
        -11.0,
        -10.0,
        -8.0,
        -7.0,
        -15.0,
        -10.0,
        -10.0,
        -10.0
      ],
      "losses": [
        0.005624998534262439,
        0.004521658024422627,
        0.0033203099865907414,
        0.003958339284226063,
        0.004342083322635427,
        0.005189986348347673,
        0.004792816043663616,
        0.005301782358618788,
        0.0047811346952471205,
        0.0067669105463816475,
        0.007869397444243009,
        0.008694811650268506,
        0.01066743831542784,
        0.013337383927155002,
        0.01414708915193664,
        0.014568140458031162,
        0.014161901478259088,
        0.016208475343744828,
        0.017859216785582943,
        0.021125087814496252
      ],
      "elapsed": 1686.5187830924988
    },
    "DQN + Dueling": {
      "rewards": [
        -12.0,
        -6.0,
        -11.0,
        -8.0,
        -9.0,
        -4.0,
        -10.0,
        -8.0,
        -9.0,
        -9.0,
        -13.0,
        -13.0,
        -9.0,
        -3.0,
        -11.0,
        -12.0,
        -14.0,
        -7.0,
        -9.0,
        -10.0
      ],
      "losses": [
        0.005423232988447048,
        0.004892342278783794,
        0.003970742642867425,
        0.00493049445961748,
        0.0040320206595046105,
        0.004123393017483894,
        0.0034225850628263076,
        0.004384857077001228,
        0.004825408959937916,
        0.003967438081479625,
        0.00414687683199694,
        0.004801590680118204,
        0.0037884767017738624,
        0.0031371923541883007,
        0.003378811950356364,
        0.004279090904872773,
        0.004631019153765901,
        0.003532878462481762,
        0.0035324954765342874,
        0.003878529547355971
      ],
      "elapsed": 1982.6305315494537
    }
  }
}