{
  "Alien": {
    "Basic DQN": {
      "rewards": [
        90.0,
        190.0,
        210.0,
        210.0,
        190.0,
        260.0,
        260.0,
        160.0,
        210.0,
        120.0,
        200.0,
        180.0,
        300.0,
        280.0,
        230.0,
        180.0,
        220.0,
        260.0,
        160.0,
        270.0
      ],
      "losses": [
        1.0671087174365919,
        2.281078439181695,
        2.542185892344223,
        3.0352623894120034,
        2.7808793129801166,
        3.5416304680415327,
        3.7528406970833985,
        3.2194990849597973,
        3.1950233639047965,
        3.5333079683719673,
        3.4863102631354184,
        3.4645503378712412,
        3.1596060412794507,
        3.069699365358699,
        3.6601259505295736,
        3.5313595996907092,
        3.4891564930323513,
        3.279252098242735,
        3.2770152861525963,
        3.4994236938512095
      ],
      "elapsed": 285.6913239955902
    }
  },
  "IceHockey": {}
}