{
  "Alien": {
    "Basic DQN": {
      "rewards": [
        90.0,
        190.0,
        210.0,
        210.0,
        190.0,
        260.0,
        260.0,
        160.0,
        210.0,
        120.0,
        200.0,
        180.0,
        300.0,
        280.0,
        230.0,
        180.0,
        220.0,
        260.0,
        160.0,
        270.0
      ],
      "losses": [
        1.0671087174365919,
        2.281078439181695,
        2.542185892344223,
        3.0352623894120034,
        2.7808793129801166,
        3.5416304680415327,
        3.7528406970833985,
        3.2194990849597973,
        3.1950233639047965,
        3.5333079683719673,
        3.4863102631354184,
        3.4645503378712412,
        3.1596060412794507,
        3.069699365358699,
        3.6601259505295736,
        3.5313595996907092,
        3.4891564930323513,
        3.279252098242735,
        3.2770152861525963,
        3.4994236938512095
      ],
      "elapsed": 285.6913239955902
    },
    "DQN + Dueling": {
      "rewards": [
        130.0,
        160.0,
        200.0,
        150.0,
        170.0,
        230.0,
        160.0,
        170.0,
        250.0,
        180.0,
        220.0,
        150.0,
        210.0,
        190.0,
        140.0,
        120.0,
        170.0,
        170.0,
        120.0,
        160.0
      ],
      "losses": [
        3.17089622106516,
        3.054271307672773,
        2.333001072656501,
        2.790986092874537,
        3.1245664092936907,
        2.805144866078328,
        2.994198647662274,
        2.838207377229006,
        3.1958146675225394,
        3.2428568736524195,
        2.9259662807377333,
        3.0071149420488132,
        2.9617597639386415,
        3.011029021400544,
        3.284069495332753,
        3.656794498615627,
        3.4576873101452565,
        3.6427242888821114,
        4.049879666682212,
        4.329801536202431
      ],
      "elapsed": 271.9902677536011
    },
    "DQN + Priority": {
      "rewards": [
        140.0,
        230.0,
        320.0,
        180.0,
        130.0,
        380.0,
        190.0,
        310.0,
        160.0,
        190.0,
        260.0,
        140.0,
        210.0,
        210.0,
        120.0,
        180.0,
        150.0,
        160.0,
        220.0,
        160.0
      ],
      "losses": [
        3.266240533027384,
        3.855349940402167,
        3.9169792802752674,
        4.1429657060027925,
        3.683449960319248,
        3.2168170693152733,
        3.002720009744837,
        2.8295203210519895,
        2.4662810388240923,
        2.465575463583936,
        2.276520245572896,
        1.899271738255161,
        1.9047989349498926,
        1.7429704576926797,
        1.6201139090605725,
        1.3738883067989907,
        1.3156551436583201,
        1.2928588191080375,
        1.1595445400284183,
        1.2687357506931645
      ],
      "elapsed": 251.7235598564148
    }
  },
  "IceHockey": {}
}